Year,Common_Name_As_Originally_Observed,Scientific_Name_As_Currently_Recognized,percent_cover_mean
1997,aster,Symphyotrichum Nees,80
1997,broadleaf cattail,Typha latifolia L.,95
1997,California bulrush,Schoenoplectus californicus (C.A. Mey.) Palla,50
1997,camphor pluchea,Pluchea camphorata (L.) DC.,70
1997,cattail,Typha L.,70
1997,common reed,Phragmites australis (Cav.) Trin. ex Steud.,100
1997,cosmopolitan bulrush,Bolboschoenus maritimus (L.) Palla,80
1997,crested saltbush,Atriplex cristata Humb. & Bonpl. ex Willd.,100
1997,dwarf spikerush,"Eleocharis parvula (Roem. & Schult.) Link ex Bluff, Nees & Schauer",50
1997,eastern annual saltmarsh aster,Symphyotrichum subulatum (Michx.) G.L. Nesom,100
1997,eastern baccharis,Baccharis halimifolia L.,78
1997,fragrant flatsedge,Cyperus odoratus L.,80
1997,giant cutgrass,Zizaniopsis miliacea (Michx.) D?ll & Asch.,50
1997,hairypod cowpea,Vigna luteola (Jacq.) Benth.,100
1997,Jesuit's bark,Iva frutescens L.,90
1997,marsh fimbry,Fimbristylis castanea (Michx.) Vahl,100
1997,needlegrass rush,Juncus roemerianus Scheele,78
1997,nightshade,Solanum L.,100
1997,perennial saltmarsh aster,Symphyotrichum tenuifolium (L.) G.L. Nesom,82
1997,saltgrass,Distichlis spicata (L.) Greene,87
1997,saltmarsh morning-glory,Ipomoea sagittata Poir.,90
1997,saltmeadow cordgrass,Spartina patens (Aiton) Muhl.,82
1997,seashore paspalum,Paspalum vaginatum Sw.,38
1997,seaside goldenrod,Solidago sempervirens L.,85
1997,seaside tansy,Borrichia Adans.,100
1997,smooth cordgrass,Spartina alterniflora Loisel.,77
1997,southern amaranth,Amaranthus australis (A. Gray) Sauer,93
1997,sturdy bulrush,Bolboschoenus robustus (Pursh) Sojÿk,67
1997,tamarisk,Tamarix L.,50
1997,white spikerush,Eleocharis albida Torr.,50
1999,American cupscale,Sacciolepis striata (L.) Nash,80
1999,big cordgrass,Spartina cynosuroides (L.) Roth,70
1999,bigpod sesbania,Sesbania herbacea (Mill.) McVaugh,100
1999,broadleaf cattail,Typha latifolia L.,100
1999,bulltongue arrowhead,Sagittaria lancifolia L.,93
1999,California bulrush,Schoenoplectus californicus (C.A. Mey.) Palla,100
1999,camphor pluchea,Pluchea camphorata (L.) DC.,100
1999,chairmaker's bulrush,Schoenoplectus americanus (Pers.) Volkart ex Schinz & R. Keller,25
1999,coast cockspur grass,Echinochloa walteri (Pursh) A. Heller,100
1999,common reed,Phragmites australis (Cav.) Trin. ex Steud.,100
1999,common threesquare,Schoenoplectus pungens (Vahl) Palla,99
1999,cosmopolitan bulrush,Bolboschoenus maritimus (L.) Palla,100
1999,dock,Rumex L.,100
1999,dogfennel,Eupatorium capillifolium (Lam.) Small,100
1999,dotted smartweed,Polygonum punctatum Elliott,93
1999,eastern annual saltmarsh aster,Symphyotrichum subulatum (Michx.) G.L. Nesom,80
1999,eastern baccharis,Baccharis halimifolia L.,99
1999,false daisy,Eclipta prostrata (L.) L.,100
1999,fern flatsedge,Cyperus filicinus Vahl,100
1999,fragrant flatsedge,Cyperus odoratus L.,100
1999,green flatsedge,Cyperus virens Michx.,100
1999,hairypod cowpea,Vigna luteola (Jacq.) Benth.,90
1999,herb of grace,Bacopa monnieri (L.) Pennell,98
1999,Jamaica swamp sawgrass,Cladium mariscus (L.) Pohl,100
1999,Jesuit's bark,Iva frutescens L.,78
1999,knotweed,Polygonum L.,100
1999,largeleaf pennywort,Hydrocotyle bonariensis Comm. ex Lam.,80
1999,marsh elder,Iva L.,28
1999,mountain spikerush,Eleocharis montana (Kunth) Roem. & Schult.,90
1999,perennial saltmarsh aster,Symphyotrichum tenuifolium (L.) G.L. Nesom,93
1999,saltgrass,Distichlis spicata (L.) Greene,72
1999,saltmarsh morning-glory,Ipomoea sagittata Poir.,93
1999,saltmeadow cordgrass,Spartina patens (Aiton) Muhl.,75
1999,seashore paspalum,Paspalum vaginatum Sw.,68
1999,seaside goldenrod,Solidago sempervirens L.,100
1999,smooth cordgrass,Spartina alterniflora Loisel.,68
1999,southern amaranth,Amaranthus australis (A. Gray) Sauer,74
1999,spikerush,Eleocharis R. Br.,100
1999,St. Johnswort,Hypericum L.,99
1999,sturdy bulrush,Bolboschoenus robustus (Pursh) Sojÿk,67
1999,swamp smartweed,Polygonum hydropiperoides Michx.,100
1999,turkey tangle fogfruit,Phyla nodiflora (L.) Greene,80
1999,Unknown,Unknown,100
1999,yellow bristlegrass,Setaria pumila (Poir.) Roem. & Schult.,100
1999,yellow nutsedge,Cyperus esculentus L.,100
2000,eastern baccharis,Baccharis halimifolia L.,65
2000,hairypod cowpea,Vigna luteola (Jacq.) Benth.,87
2000,Jesuit's bark,Iva frutescens L.,85
2000,perennial saltmarsh aster,Symphyotrichum tenuifolium (L.) G.L. Nesom,75
2000,saltgrass,Distichlis spicata (L.) Greene,81
2000,saltmeadow cordgrass,Spartina patens (Aiton) Muhl.,76
2000,smooth cordgrass,Spartina alterniflora Loisel.,82
2001,annual marsh elder,Iva annua L.,99
2001,aster,Symphyotrichum Nees,100
2001,big cordgrass,Spartina cynosuroides (L.) Roth,95
2001,bulrush,Schoenoplectus (Rchb.) Palla,100
2001,cattail,Typha L.,100
2001,chairmaker's bulrush,Schoenoplectus americanus (Pers.) Volkart ex Schinz & R. Keller,100
2001,common threesquare,Schoenoplectus pungens (Vahl) Palla,95
2001,cosmopolitan bulrush,Bolboschoenus maritimus (L.) Palla,99
2001,eastern baccharis,Baccharis halimifolia L.,95
2001,herb of grace,Bacopa monnieri (L.) Pennell,95
2001,needlegrass rush,Juncus roemerianus Scheele,98
2001,perennial saltmarsh aster,Symphyotrichum tenuifolium (L.) G.L. Nesom,100
2001,saltgrass,Distichlis spicata (L.) Greene,99
2001,saltmarsh morning-glory,Ipomoea sagittata Poir.,100
2001,saltmeadow cordgrass,Spartina patens (Aiton) Muhl.,99
2001,seashore paspalum,Paspalum vaginatum Sw.,99
2001,seaside goldenrod,Solidago sempervirens L.,100
2001,smooth cordgrass,Spartina alterniflora Loisel.,2
2001,southern amaranth,Amaranthus australis (A. Gray) Sauer,98
2001,sturdy bulrush,Bolboschoenus robustus (Pursh) Sojÿk,95
2001,Virginia saltmarsh mallow,Kosteletzkya virginica (L.) C. Presl ex A. Gray,100
2001,NA,NA,0
2002,annual marsh elder,Iva annua L.,96
2002,Bare Ground,Bare Ground,0
2002,big cordgrass,Spartina cynosuroides (L.) Roth,2
2002,black mangrove,Avicennia germinans (L.) L.,45
2002,bristlegrass,Setaria P. Beauv.,97
2002,camphor pluchea,Pluchea camphorata (L.) DC.,94
2002,cattail,Typha L.,90
2002,chairmaker's bulrush,Schoenoplectus americanus (Pers.) Volkart ex Schinz & R. Keller,96
2002,coast cockspur grass,Echinochloa walteri (Pursh) A. Heller,90
2002,common reed,Phragmites australis (Cav.) Trin. ex Steud.,95
2002,cosmopolitan bulrush,Bolboschoenus maritimus (L.) Palla,96
2002,crowngrass,Paspalum L.,95
2002,dwarf spikerush,"Eleocharis parvula (Roem. & Schult.) Link ex Bluff, Nees & Schauer",2
2002,eastern baccharis,Baccharis halimifolia L.,94
2002,fragrant flatsedge,Cyperus odoratus L.,86
2002,giant bristlegrass,Setaria magna Griseb.,97
2002,herb of grace,Bacopa monnieri (L.) Pennell,2
2002,Jesuit's bark,Iva frutescens L.,79
2002,needlegrass rush,Juncus roemerianus Scheele,95
2002,perennial saltmarsh aster,Symphyotrichum tenuifolium (L.) G.L. Nesom,82
2002,saltgrass,Distichlis spicata (L.) Greene,83
2002,saltmarsh morning-glory,Ipomoea sagittata Poir.,96
2002,saltmeadow cordgrass,Spartina patens (Aiton) Muhl.,81
2002,seashore paspalum,Paspalum vaginatum Sw.,98
2002,seaside goldenrod,Solidago sempervirens L.,94
2002,smooth cordgrass,Spartina alterniflora Loisel.,34
2002,southern amaranth,Amaranthus australis (A. Gray) Sauer,90
2002,sturdy bulrush,Bolboschoenus robustus (Pursh) Sojÿk,60
2002,sweetscent,Pluchea odorata (L.) Cass.,94
2002,torpedo grass,Panicum repens L.,2
2002,NA,NA,0
2003,annual marsh elder,Iva annua L.,78
2003,annual seepweed,Suaeda linearis (Elliott) Moq.,75
2003,bearded sprangletop,Leptochloa fusca (L.) Kunth,78
2003,black mangrove,Avicennia germinans (L.) L.,46
2003,broadleaf cattail,Typha latifolia L.,40
2003,bulltongue arrowhead,Sagittaria lancifolia L.,53
2003,cattail,Typha L.,52
2003,chairmaker's bulrush,Schoenoplectus americanus (Pers.) Volkart ex Schinz & R. Keller,65
2003,coast cockspur grass,Echinochloa walteri (Pursh) A. Heller,15
2003,cosmopolitan bulrush,Bolboschoenus maritimus (L.) Palla,66
2003,dogfennel,Eupatorium capillifolium (Lam.) Small,82
2003,dotted smartweed,Polygonum punctatum Elliott,50
2003,dwarf saltwort,Salicornia bigelovii Torr.,41
2003,eastern annual saltmarsh aster,Symphyotrichum subulatum (Michx.) G.L. Nesom,38
2003,eastern baccharis,Baccharis halimifolia L.,29
2003,fragrant flatsedge,Cyperus odoratus L.,20
2003,giant cutgrass,Zizaniopsis miliacea (Michx.) D?ll & Asch.,25
2003,Gulf Coast spikerush,Eleocharis cellulosa Torr.,63
2003,hairypod cowpea,Vigna luteola (Jacq.) Benth.,43
2003,Jesuit's bark,Iva frutescens L.,49
2003,lambsquarters,Chenopodium album L.,85
2003,lavender thrift,Limonium carolinianum (Walter) Britton,75
2003,marsh elder,Iva L.,69
2003,needlegrass rush,Juncus roemerianus Scheele,19
2003,perennial saltmarsh aster,Symphyotrichum tenuifolium (L.) G.L. Nesom,65
2003,saltgrass,Distichlis spicata (L.) Greene,56
2003,saltmarsh morning-glory,Ipomoea sagittata Poir.,18
2003,saltmeadow cordgrass,Spartina patens (Aiton) Muhl.,64
2003,seashore paspalum,Paspalum vaginatum Sw.,59
2003,seaside goldenrod,Solidago sempervirens L.,55
2003,seaside tansy,Borrichia Adans.,85
2003,shoreline seapurslane,Sesuvium portulacastrum (L.) L.,28
2003,smooth cordgrass,Spartina alterniflora Loisel.,33
2003,smooth joyweed,Alternanthera paronychioides A. St.-Hil.,33
2003,southern amaranth,Amaranthus australis (A. Gray) Sauer,63
2003,sturdy bulrush,Bolboschoenus robustus (Pursh) Sojÿk,30
2003,sweetscent,Pluchea odorata (L.) Cass.,51
2003,turkey tangle fogfruit,Phyla nodiflora (L.) Greene,75
2003,turtleweed,Batis maritima L.,35
2003,VIRGINIA GLASSWORT,Salicornia depressa Standl.,33
2003,wand lythrum,Lythrum lineare L.,14
2003,NA,NA,0
2004,alligatorweed,Alternanthera philoxeroides (Mart.) Griseb.,15
2004,annual seepweed,Suaeda linearis (Elliott) Moq.,55
2004,Bare Ground,Bare Ground,5
2004,black mangrove,Avicennia germinans (L.) L.,46
2004,bulrush,Schoenoplectus (Rchb.) Palla,45
2004,bushy seaside tansy,Borrichia frutescens (L.) DC.,80
2004,chairmaker's bulrush,Schoenoplectus americanus (Pers.) Volkart ex Schinz & R. Keller,52
2004,common threesquare,Schoenoplectus pungens (Vahl) Palla,7
2004,dwarf saltwort,Salicornia bigelovii Torr.,37
2004,eastern baccharis,Baccharis halimifolia L.,34
2004,fragrant flatsedge,Cyperus odoratus L.,74
2004,giant bristlegrass,Setaria magna Griseb.,88
2004,hairypod cowpea,Vigna luteola (Jacq.) Benth.,90
2004,herb of grace,Bacopa monnieri (L.) Pennell,52
2004,Jesuit's bark,Iva frutescens L.,86
2004,lavender thrift,Limonium carolinianum (Walter) Britton,80
2004,marsh fimbry,Fimbristylis castanea (Michx.) Vahl,80
2004,needlegrass rush,Juncus roemerianus Scheele,90
2004,perennial saltmarsh aster,Symphyotrichum tenuifolium (L.) G.L. Nesom,70
2004,saltgrass,Distichlis spicata (L.) Greene,58
2004,saltmarsh morning-glory,Ipomoea sagittata Poir.,95
2004,saltmeadow cordgrass,Spartina patens (Aiton) Muhl.,76
2004,seacoast marsh elder,Iva imbricata Walter,50
2004,seaside goldenrod,Solidago sempervirens L.,88
2004,shoreline seapurslane,Sesuvium portulacastrum (L.) L.,30
2004,smooth cordgrass,Spartina alterniflora Loisel.,40
2004,southern amaranth,Amaranthus australis (A. Gray) Sauer,88
2004,sturdy bulrush,Bolboschoenus robustus (Pursh) Sojÿk,71
2004,sweetscent,Pluchea odorata (L.) Cass.,88
2004,torpedo grass,Panicum repens L.,40
2004,turtleweed,Batis maritima L.,34
2004,Unknown #1,Unknown #1,60
2004,VIRGINIA GLASSWORT,Salicornia depressa Standl.,29
2004,NA,NA,0
2005,Bare Ground,Bare Ground,5
2005,California bulrush,Schoenoplectus californicus (C.A. Mey.) Palla,40
2005,camphor pluchea,Pluchea camphorata (L.) DC.,40
2005,camphorweed,Pluchea Cass.,60
2005,cattail,Typha L.,60
2005,herb of grace,Bacopa monnieri (L.) Pennell,48
2005,Jesuit's bark,Iva frutescens L.,95
2005,needlegrass rush,Juncus roemerianus Scheele,64
2005,perennial saltmarsh aster,Symphyotrichum tenuifolium (L.) G.L. Nesom,95
2005,saltgrass,Distichlis spicata (L.) Greene,38
2005,saltmeadow cordgrass,Spartina patens (Aiton) Muhl.,61
2005,smooth cordgrass,Spartina alterniflora Loisel.,47
2005,spikerush,Eleocharis R. Br.,55
2005,sprangletop,Leptochloa P. Beauv.,20
2005,sturdy bulrush,Bolboschoenus robustus (Pursh) Sojÿk,43
2005,tamarisk,Tamarix L.,40
2005,torpedo grass,Panicum repens L.,30
2006,annual marsh elder,Iva annua L.,90
2006,annual seepweed,Suaeda linearis (Elliott) Moq.,48
2006,Bare Ground,Bare Ground,71
2006,barnyardgrass,Echinochloa crus-galli (L.) P. Beauv.,25
2006,big cordgrass,Spartina cynosuroides (L.) Roth,75
2006,Bigelow's amaranth,Amaranthus bigelovii Uline & Bray,34
2006,bigpod sesbania,Sesbania herbacea (Mill.) McVaugh,48
2006,black mangrove,Avicennia germinans (L.) L.,71
2006,bulltongue arrowhead,Sagittaria lancifolia L.,39
2006,bushy seaside tansy,Borrichia frutescens (L.) DC.,40
2006,camphor pluchea,Pluchea camphorata (L.) DC.,51
2006,chairmaker's bulrush,Schoenoplectus americanus (Pers.) Volkart ex Schinz & R. Keller,69
2006,coast cockspur grass,Echinochloa walteri (Pursh) A. Heller,54
2006,common reed,Phragmites australis (Cav.) Trin. ex Steud.,70
2006,cosmopolitan bulrush,Bolboschoenus maritimus (L.) Palla,60
2006,crested saltbush,Atriplex cristata Humb. & Bonpl. ex Willd.,72
2006,dodder,Cuscuta L.,95
2006,dogfennel,Eupatorium capillifolium (Lam.) Small,20
2006,dotted smartweed,Polygonum punctatum Elliott,2
2006,dwarf saltwort,Salicornia bigelovii Torr.,55
2006,dwarf spikerush,"Eleocharis parvula (Roem. & Schult.) Link ex Bluff, Nees & Schauer",37
2006,eastern annual saltmarsh aster,Symphyotrichum subulatum (Michx.) G.L. Nesom,75
2006,eastern baccharis,Baccharis halimifolia L.,35
2006,false daisy,Eclipta prostrata (L.) L.,30
2006,flatsedge,Cyperus L.,14
2006,fragrant flatsedge,Cyperus odoratus L.,26
2006,French tamarisk,Tamarix gallica L.,82
2006,giant bristlegrass,Setaria magna Griseb.,13
2006,hairypod cowpea,Vigna luteola (Jacq.) Benth.,49
2006,herb of grace,Bacopa monnieri (L.) Pennell,30
2006,Jesuit's bark,Iva frutescens L.,53
2006,knotgrass,Paspalum distichum L.,12
2006,lesser creeping rush,Juncus repens Michx.,45
2006,maidencane,Panicum hemitomon Schult.,20
2006,Mexican tea,Dysphania ambrosioides (L.) Mosyakin & Clemants,55
2006,morning-glory,Ipomoea L.,20
2006,needlegrass rush,Juncus roemerianus Scheele,73
2006,Open Water,Water,67
2006,perennial saltmarsh aster,Symphyotrichum tenuifolium (L.) G.L. Nesom,61
2006,prairie cordgrass,Spartina pectinata Bosc ex Link,75
2006,reedgrass,Calamagrostis Adans.,50
2006,salt heliotrope,Heliotropium curassavicum L.,47
2006,saltgrass,Distichlis spicata (L.) Greene,68
2006,saltmarsh morning-glory,Ipomoea sagittata Poir.,58
2006,saltmeadow cordgrass,Spartina patens (Aiton) Muhl.,70
2006,seashore dropseed,Sporobolus virginicus (L.) Kunth,55
2006,seashore paspalum,Paspalum vaginatum Sw.,25
2006,seaside goldenrod,Solidago sempervirens L.,86
2006,sedge,Carex L.,95
2006,seven sisters,Crinum americanum L.,40
2006,shoreline seapurslane,Sesuvium portulacastrum (L.) L.,69
2006,silverhead,Blutaparon vermiculare (L.) Mears,78
2006,smooth cordgrass,Spartina alterniflora Loisel.,73
2006,southern amaranth,Amaranthus australis (A. Gray) Sauer,49
2006,spikerush,Eleocharis R. Br.,45
2006,stinking camphorweed,Pluchea foetida (L.) DC.,85
2006,sturdy bulrush,Bolboschoenus robustus (Pursh) Sojÿk,53
2006,sweetscent,Pluchea odorata (L.) Cass.,46
2006,tidalmarsh amaranth,Amaranthus cannabinus (L.) Sauer,85
2006,turtleweed,Batis maritima L.,46
2006,turtleweed,Batis P. Br.,78
2006,Unknown #1,Unknown #1,90
2006,Unknown #2,Unknown #2,29
2006,Unknown #4,Unknown #4,35
2006,VIRGINIA GLASSWORT,Salicornia depressa Standl.,79
2006,Virginia saltmarsh mallow,Kosteletzkya virginica (L.) C. Presl ex A. Gray,70
2006,wand lythrum,Lythrum lineare L.,49
2007,alligatorweed,Alternanthera philoxeroides (Mart.) Griseb.,68
2007,annual marsh elder,Iva annua L.,100
2007,annual seepweed,Suaeda linearis (Elliott) Moq.,71
2007,Bare Ground,Bare Ground,37
2007,barnyardgrass,Echinochloa crus-galli (L.) P. Beauv.,72
2007,bayhops,Ipomoea pes-caprae (L.) R. Br.,75
2007,beach morning-glory,Ipomoea imperati (Vahl) Griseb.,20
2007,big cordgrass,Spartina cynosuroides (L.) Roth,71
2007,bigpod sesbania,Sesbania herbacea (Mill.) McVaugh,95
2007,bigseed alfalfa dodder,Cuscuta indecora Choisy,80
2007,bitter panicgrass,Panicum amarum Elliott,47
2007,black mangrove,Avicennia germinans (L.) L.,69
2007,bulltongue arrowhead,Sagittaria lancifolia L.,67
2007,bushy seaside tansy,Borrichia frutescens (L.) DC.,56
2007,camphor daisy,Rayjacksonia phyllocephala (DC.) R.L. Hartm. & M.A. Lane,15
2007,camphor pluchea,Pluchea camphorata (L.) DC.,95
2007,camphorweed,Heterotheca subaxillaris (Lam.) Britton & Rusby,45
2007,catchfly prairie gentian,Eustoma exaltatum (L.) Salisb. ex G. Don,72
2007,cattail,Typha L.,92
2007,chairmaker's bulrush,Schoenoplectus americanus (Pers.) Volkart ex Schinz & R. Keller,76
2007,coast cockspur grass,Echinochloa walteri (Pursh) A. Heller,80
2007,common reed,Phragmites australis (Cav.) Trin. ex Steud.,79
2007,common threesquare,Schoenoplectus pungens (Vahl) Palla,68
2007,crested saltbush,Atriplex cristata Humb. & Bonpl. ex Willd.,80
2007,dixie sandmat,Chamaesyce bombensis (Jacq.) Dugand,5
2007,dogfennel,Eupatorium capillifolium (Lam.) Small,90
2007,dotted smartweed,Polygonum punctatum Elliott,81
2007,dwarf saltwort,Salicornia bigelovii Torr.,44
2007,eastern annual saltmarsh aster,Symphyotrichum subulatum (Michx.) G.L. Nesom,79
2007,eastern baccharis,Baccharis halimifolia L.,75
2007,fall panicgrass,Panicum dichotomiflorum Michx.,60
2007,false daisy,Eclipta prostrata (L.) L.,40
2007,fern flatsedge,Cyperus filicinus Vahl,85
2007,fragrant flatsedge,Cyperus odoratus L.,88
2007,giant bristlegrass,Setaria magna Griseb.,43
2007,Gregg's amaranth,Amaranthus greggii S. Watson,70
2007,gulf croton,Croton punctatus Jacq.,17
2007,hairypod cowpea,Vigna luteola (Jacq.) Benth.,64
2007,herb of grace,Bacopa monnieri (L.) Pennell,75
2007,hilograss,Paspalum conjugatum P.J. Bergius,90
2007,Jesuit's bark,Iva frutescens L.,73
2007,knotgrass,Paspalum distichum L.,64
2007,lavender thrift,Limonium carolinianum (Walter) Britton,90
2007,Malabar sprangletop,Leptochloa fusca (L.) Kunth,65
2007,marsh bristlegrass,Setaria parviflora (Poir.) Kergu?len,85
2007,marsh fimbry,Fimbristylis castanea (Michx.) Vahl,61
2007,narrowleaf rose gentian,Sabatia brachiata Elliott,40
2007,needlegrass rush,Juncus roemerianus Scheele,76
2007,perennial saltmarsh aster,Symphyotrichum tenuifolium (L.) G.L. Nesom,80
2007,pigweed,Amaranthus L.,88
2007,poisonbean,Sesbania drummondii (Rydb.) Cory,80
2007,red lovegrass,Eragrostis secundiflora J. Presl,45
2007,salt heliotrope,Heliotropium curassavicum L.,50
2007,saltgrass,Distichlis spicata (L.) Greene,75
2007,saltmarsh morning-glory,Ipomoea sagittata Poir.,70
2007,saltmeadow cordgrass,Spartina patens (Aiton) Muhl.,75
2007,seashore dropseed,Sporobolus virginicus (L.) Kunth,72
2007,seashore paspalum,Paspalum vaginatum Sw.,55
2007,seaside goldenrod,Solidago sempervirens L.,38
2007,shoreline seapurslane,Sesuvium portulacastrum (L.) L.,65
2007,silverhead,Blutaparon vermiculare (L.) Mears,77
2007,slender wedgescale,Sphenopholis intermedia (Rydb.) Rydb.,10
2007,smooth cordgrass,Spartina alterniflora Loisel.,75
2007,smooth joyweed,Alternanthera paronychioides A. St.-Hil.,70
2007,southern amaranth,Amaranthus australis (A. Gray) Sauer,63
2007,spikerush,Eleocharis R. Br.,85
2007,strawcolored flatsedge,Cyperus strigosus L.,80
2007,sturdy bulrush,Bolboschoenus robustus (Pursh) Sojÿk,66
2007,swamp smartweed,Polygonum hydropiperoides Michx.,90
2007,sweetscent,Pluchea odorata (L.) Cass.,73
2007,tidalmarsh amaranth,Amaranthus cannabinus (L.) Sauer,70
2007,torpedo grass,Panicum repens L.,55
2007,trailing fuzzybean,Strophostyles helvola (L.) Elliott,56
2007,turkey tangle fogfruit,Phyla nodiflora (L.) Greene,10
2007,turtleweed,Batis maritima L.,54
2007,Unknown,Unknown,65
2007,VIRGINIA GLASSWORT,Salicornia depressa Standl.,84
2007,Virginia saltmarsh mallow,Kosteletzkya virginica (L.) C. Presl ex A. Gray,85
2007,wand lythrum,Lythrum lineare L.,74
2008,alligatorweed,Alternanthera philoxeroides (Mart.) Griseb.,78
2008,American cupscale,Sacciolepis striata (L.) Nash,75
2008,annual seepweed,Suaeda linearis (Elliott) Moq.,82
2008,big cordgrass,Spartina cynosuroides (L.) Roth,71
2008,black mangrove,Avicennia germinans (L.) L.,76
2008,broadleaf cattail,Typha latifolia L.,75
2008,bushy seaside tansy,Borrichia frutescens (L.) DC.,62
2008,camphor pluchea,Pluchea camphorata (L.) DC.,73
2008,chairmaker's bulrush,Schoenoplectus americanus (Pers.) Volkart ex Schinz & R. Keller,77
2008,climbing hempvine,Mikania scandens (L.) Willd.,68
2008,coast cockspur grass,Echinochloa walteri (Pursh) A. Heller,77
2008,cockspur grass,Echinochloa P. Beauv.,60
2008,common reed,Phragmites australis (Cav.) Trin. ex Steud.,71
2008,common threesquare,Schoenoplectus pungens (Vahl) Palla,62
2008,cordgrass,Spartina Schreb.,88
2008,crowngrass,Paspalum L.,95
2008,dotted smartweed,Polygonum punctatum Elliott,55
2008,dwarf palmetto,Sabal minor (Jacq.) Pers.,95
2008,dwarf saltwort,Salicornia bigelovii Torr.,82
2008,dwarf spikerush,"Eleocharis parvula (Roem. & Schult.) Link ex Bluff, Nees & Schauer",67
2008,eastern annual saltmarsh aster,Symphyotrichum subulatum (Michx.) G.L. Nesom,72
2008,eastern baccharis,Baccharis halimifolia L.,80
2008,eastern grasswort,Lilaeopsis chinensis (L.) Kuntze,75
2008,fall panicgrass,Panicum dichotomiflorum Michx.,72
2008,false daisy,Eclipta prostrata (L.) L.,75
2008,fern flatsedge,Cyperus filicinus Vahl,78
2008,fiveangled dodder,Cuscuta pentagona Engelm.,98
2008,fragrant flatsedge,Cyperus odoratus L.,85
2008,Gulf Coast spikerush,Eleocharis cellulosa Torr.,55
2008,gulf coast swallow-wort,Cynanchum angustifolium Pers.,98
2008,hairypod cowpea,Vigna luteola (Jacq.) Benth.,70
2008,haspan flatsedge,Cyperus haspan L.,75
2008,herb of grace,Bacopa monnieri (L.) Pennell,54
2008,Jesuit's bark,Iva frutescens L.,78
2008,large-flower primrose-willow,Ludwigia grandiflora (Michx.) Greuter & Burdet,75
2008,longbeak arrowhead,Sagittaria australis (J.G. Sm.) Small,30
2008,Malabar sprangletop,Leptochloa fusca (L.) Kunth,75
2008,marsh bristlegrass,Setaria parviflora (Poir.) Kergu?len,95
2008,marsh fimbry,Fimbristylis castanea (Michx.) Vahl,77
2008,needlegrass rush,Juncus roemerianus Scheele,76
2008,perennial saltmarsh aster,Symphyotrichum tenuifolium (L.) G.L. Nesom,78
2008,pigweed,Amaranthus L.,84
2008,poisonbean,Sesbania drummondii (Rydb.) Cory,75
2008,rose of Plymouth,Sabatia stellaris Pursh,78
2008,saltgrass,Distichlis Raf.,78
2008,saltgrass,Distichlis spicata (L.) Greene,73
2008,saltmarsh morning-glory,Ipomoea sagittata Poir.,81
2008,saltmeadow cordgrass,Spartina patens (Aiton) Muhl.,77
2008,seashore paspalum,Paspalum vaginatum Sw.,77
2008,shoreline seapurslane,Sesuvium portulacastrum (L.) L.,85
2008,silverhead,Blutaparon vermiculare (L.) Mears,90
2008,smooth cordgrass,Spartina alterniflora Loisel.,76
2008,smooth violet prairie aster,Symphyotrichum turbinellum (Lindl.) G.L. Nesom,85
2008,softstem bulrush,Schoenoplectus tabernaemontani (C.C. Gmel.) Palla,55
2008,southern amaranth,Amaranthus australis (A. Gray) Sauer,76
2008,spikerush,Eleocharis R. Br.,95
2008,strawcolored flatsedge,Cyperus strigosus L.,78
2008,sturdy bulrush,Bolboschoenus robustus (Pursh) Sojÿk,73
2008,swamp smartweed,Polygonum hydropiperoides Michx.,85
2008,sweetscent,Pluchea odorata (L.) Cass.,64
2008,thistle,Cirsium Mill.,95
2008,tidalmarsh amaranth,Amaranthus cannabinus (L.) Sauer,85
2008,torpedo grass,Panicum repens L.,95
2008,turtleweed,Batis maritima L.,65
2008,Unknown #1,Unknown #1,94
2008,Virginia glasswort,Salicornia depressa Standl.,78
2008,Virginia saltmarsh mallow,Kosteletzkya virginica (L.) C. Presl ex A. Gray,73
2008,wand lythrum,Lythrum lineare L.,76
2009,alligatorweed,Alternanthera philoxeroides (Mart.) Griseb.,78
2009,annual seepweed,Suaeda linearis (Elliott) Moq.,90
2009,Bare Ground,Bare Ground,0
2009,barnyardgrass,Echinochloa crus-galli (L.) P. Beauv.,90
2009,Bermudagrass,Cynodon dactylon (L.) Pers.,90
2009,big cordgrass,Spartina cynosuroides (L.) Roth,79
2009,black mangrove,Avicennia germinans (L.) L.,70
2009,broadleaf arrowhead,Sagittaria latifolia Willd.,72
2009,broadleaf cattail,Typha latifolia L.,85
2009,bulltongue arrowhead,Sagittaria lancifolia L.,66
2009,bushy seaside tansy,Borrichia frutescens (L.) DC.,72
2009,California bulrush,Schoenoplectus californicus (C.A. Mey.) Palla,90
2009,catchfly prairie gentian,Eustoma exaltatum (L.) Salisb. ex G. Don,100
2009,cattail,Typha L.,66
2009,chairmaker's bulrush,Schoenoplectus americanus (Pers.) Volkart ex Schinz & R. Keller,80
2009,coast cockspur grass,Echinochloa walteri (Pursh) A. Heller,75
2009,common reed,Phragmites australis (Cav.) Trin. ex Steud.,75
2009,common threesquare,Schoenoplectus pungens (Vahl) Palla,65
2009,delta arrowhead,Sagittaria platyphylla (Engelm.) J.G. Sm.,72
2009,dodder,Cuscuta L.,95
2009,dogfennel,Eupatorium capillifolium (Lam.) Small,58
2009,dotted smartweed,Polygonum punctatum Elliott,65
2009,dwarf saltwort,Salicornia bigelovii Torr.,49
2009,dwarf spikerush,"Eleocharis parvula (Roem. & Schult.) Link ex Bluff, Nees & Schauer",54
2009,eastern annual saltmarsh aster,Symphyotrichum subulatum (Michx.) G.L. Nesom,79
2009,eastern baccharis,Baccharis halimifolia L.,92
2009,fall panicgrass,Panicum dichotomiflorum Michx.,92
2009,fern flatsedge,Cyperus filicinus Vahl,95
2009,fragrant flatsedge,Cyperus odoratus L.,91
2009,Gulf Coast spikerush,Eleocharis cellulosa Torr.,85
2009,gulf coast swallow-wort,Cynanchum angustifolium Pers.,83
2009,gulf cordgrass,Spartina spartinae (Trin.) Merr. ex Hitchc.,77
2009,hairypod cowpea,Vigna luteola (Jacq.) Benth.,81
2009,herb of grace,Bacopa monnieri (L.) Pennell,92
2009,Jesuit's bark,Iva frutescens L.,79
2009,knotgrass,Paspalum distichum L.,72
2009,Malabar sprangletop,Leptochloa fusca (L.) Kunth,88
2009,marsh bristlegrass,Setaria parviflora (Poir.) Kergu?len,87
2009,marsh elder,Iva L.,98
2009,marsh fimbry,Fimbristylis castanea (Michx.) Vahl,95
2009,Maryland goldenaster,Chrysopsis mariana (L.) Elliott,60
2009,needlegrass rush,Juncus roemerianus Scheele,74
2009,perennial saltmarsh aster,Symphyotrichum tenuifolium (L.) G.L. Nesom,82
2009,pigweed,Amaranthus L.,95
2009,riverhemp,Sesbania Scop.,73
2009,rose of Plymouth,Sabatia stellaris Pursh,90
2009,rough barnyardgrass,Echinochloa muricata (P. Beauv.) Fernald,95
2009,salt heliotrope,Heliotropium curassavicum L.,100
2009,saltgrass,Distichlis spicata (L.) Greene,77
2009,saltmarsh false foxglove,Agalinis maritima (Raf.) Raf.,88
2009,saltmarsh morning-glory,Ipomoea sagittata Poir.,79
2009,saltmeadow cordgrass,Spartina patens (Aiton) Muhl.,78
2009,seashore paspalum,Paspalum vaginatum Sw.,85
2009,sedge,Carex L.,76
2009,silverhead,Blutaparon vermiculare (L.) Mears,68
2009,smooth cordgrass,Spartina alterniflora Loisel.,70
2009,softstem bulrush,Schoenoplectus tabernaemontani (C.C. Gmel.) Palla,92
2009,southern amaranth,Amaranthus australis (A. Gray) Sauer,80
2009,spikerush,Eleocharis R. Br.,92
2009,strawcolored flatsedge,Cyperus strigosus L.,95
2009,sturdy bulrush,Bolboschoenus robustus (Pursh) Sojÿk,80
2009,swamp sawgrass,Cladium mariscus (L.) Pohl,90
2009,swamp smartweed,Polygonum hydropiperoides Michx.,85
2009,sweetscent,Pluchea odorata (L.) Cass.,82
2009,torpedo grass,Panicum repens L.,84
2009,turtleweed,Batis maritima L.,73
2009,variable flatsedge,Cyperus difformis L.,55
2009,Virginia glasswort,Salicornia depressa Standl.,75
2009,Virginia saltmarsh mallow,Kosteletzkya virginica (L.) C. Presl ex A. Gray,80
2009,wand lythrum,Lythrum lineare L.,81
2010,alligatorweed,Alternanthera philoxeroides (Mart.) Griseb.,84
2010,annual seepweed,Suaeda linearis (Elliott) Moq.,77
2010,aster,Symphyotrichum Nees,88
2010,Baldwin's spikerush,Eleocharis baldwinii (Torr.) Chapm.,15
2010,Bare Ground,Bare Ground,0
2010,barnyardgrass,Echinochloa crus-galli (L.) P. Beauv.,75
2010,big cordgrass,Spartina cynosuroides (L.) Roth,77
2010,black mangrove,Avicennia germinans (L.) L.,59
2010,broadleaf cattail,Typha latifolia L.,87
2010,bulltongue arrowhead,Sagittaria lancifolia L.,74
2010,bushy seaside tansy,Borrichia frutescens (L.) DC.,79
2010,California bulrush,Schoenoplectus californicus (C.A. Mey.) Palla,84
2010,Carolina desert-thorn,Lycium carolinianum Walter,79
2010,cattail,Typha L.,95
2010,chairmaker's bulrush,Schoenoplectus americanus (Pers.) Volkart ex Schinz & R. Keller,80
2010,Chinese tallow,Triadica sebifera (L.) Small,60
2010,coast cockspur grass,Echinochloa walteri (Pursh) A. Heller,83
2010,common reed,Phragmites australis (Cav.) Trin. ex Steud.,69
2010,common threesquare,Schoenoplectus pungens (Vahl) Palla,86
2010,creeping spikerush,Eleocharis fallax Weath.,95
2010,crested saltbush,Atriplex cristata Humb. & Bonpl. ex Willd.,75
2010,delta arrowhead,Sagittaria platyphylla (Engelm.) J.G. Sm.,80
2010,delta bulrush,Schoenoplectus deltarum (Schuyler) Sojÿk,80
2010,Dixie iris,Iris hexagona Walter,95
2010,dodder,Cuscuta L.,78
2010,dogfennel,Eupatorium capillifolium (Lam.) Small,75
2010,dotted smartweed,Polygonum punctatum Elliott,90
2010,dwarf saltwort,Salicornia bigelovii Torr.,80
2010,dwarf spikerush,"Eleocharis parvula (Roem. & Schult.) Link ex Bluff, Nees & Schauer",42
2010,eastern annual saltmarsh aster,Symphyotrichum subulatum (Michx.) G.L. Nesom,74
2010,eastern baccharis,Baccharis halimifolia L.,68
2010,fall panicgrass,Panicum dichotomiflorum Michx.,90
2010,false daisy,Eclipta prostrata (L.) L.,75
2010,flatsedge,Cyperus L.,78
2010,fragrant flatsedge,Cyperus odoratus L.,75
2010,giant bristlegrass,Setaria magna Griseb.,75
2010,giant cutgrass,Zizaniopsis miliacea (Michx.) D?ll & Asch.,60
2010,Gulf Coast spikerush,Eleocharis cellulosa Torr.,85
2010,gulf coast swallow-wort,Cynanchum angustifolium Pers.,85
2010,hairypod cowpea,Vigna luteola (Jacq.) Benth.,82
2010,haspan flatsedge,Cyperus haspan L.,77
2010,herb of grace,Bacopa monnieri (L.) Pennell,53
2010,Jesuit's bark,Iva frutescens L.,82
2010,longtom,Paspalum denticulatum Trin.,95
2010,lowland rotala,Rotala ramosior (L.) Koehne,85
2010,Malabar sprangletop,Leptochloa fusca (L.) Kunth,65
2010,needlegrass rush,Juncus roemerianus Scheele,79
2010,pale spikerush,Eleocharis macrostachya Britton,92
2010,perennial saltmarsh aster,Symphyotrichum tenuifolium (L.) G.L. Nesom,77
2010,possumhaw,Ilex decidua Walter,60
2010,redstem,Ammannia L.,70
2010,rope dodder,Cuscuta glomerata Choisy,15
2010,saltgrass,Distichlis Raf.,80
2010,saltgrass,Distichlis spicata (L.) Greene,81
2010,saltmarsh morning-glory,Ipomoea sagittata Poir.,80
2010,saltmeadow cordgrass,Spartina patens (Aiton) Muhl.,83
2010,seashore paspalum,Paspalum vaginatum Sw.,83
2010,seaside goldenrod,Solidago sempervirens L.,68
2010,shoreline seapurslane,Sesuvium portulacastrum (L.) L.,75
2010,silverhead,Blutaparon vermiculare (L.) Mears,55
2010,smooth cordgrass,Spartina alterniflora Loisel.,76
2010,softstem bulrush,Schoenoplectus tabernaemontani (C.C. Gmel.) Palla,72
2010,southern amaranth,Amaranthus australis (A. Gray) Sauer,81
2010,southern cattail,Typha domingensis Pers.,95
2010,spikerush,Eleocharis R. Br.,85
2010,sturdy bulrush,Bolboschoenus robustus (Pursh) Sojÿk,79
2010,swamp sawgrass,Cladium mariscus (L.) Pohl,75
2010,swamp smartweed,Polygonum hydropiperoides Michx.,95
2010,sweetscent,Pluchea odorata (L.) Cass.,93
2010,tidalmarsh amaranth,Amaranthus cannabinus (L.) Sauer,78
2010,torpedo grass,Panicum repens L.,82
2010,turtleweed,Batis maritima L.,73
2010,Virginia glasswort,Salicornia depressa Standl.,81
2010,Virginia saltmarsh mallow,Kosteletzkya virginica (L.) C. Presl ex A. Gray,92
2010,wand lythrum,Lythrum lineare L.,81
2010,wax myrtle,Morella cerifera (L.) Small,60
2010,NA,NA,0
2011,alligatorweed,Alternanthera philoxeroides (Mart.) Griseb.,88
2011,aster,Symphyotrichum Nees,95
2011,Baldwin's spikerush,Eleocharis baldwinii (Torr.) Chapm.,90
2011,barnyardgrass,Echinochloa crus-galli (L.) P. Beauv.,80
2011,big cordgrass,Spartina cynosuroides (L.) Roth,68
2011,bigpod sesbania,Sesbania herbacea (Mill.) McVaugh,60
2011,bigseed alfalfa dodder,Cuscuta indecora Choisy,55
2011,black mangrove,Avicennia germinans (L.) L.,63
2011,black willow,Salix nigra Marshall,80
2011,broadleaf cattail,Typha latifolia L.,87
2011,bulltongue arrowhead,Sagittaria lancifolia L.,78
2011,bushy seaside tansy,Borrichia frutescens (L.) DC.,77
2011,California bulrush,Schoenoplectus californicus (C.A. Mey.) Palla,83
2011,Carolina desert-thorn,Lycium carolinianum Walter,85
2011,cattail,Typha L.,66
2011,chairmaker's bulrush,Schoenoplectus americanus (Pers.) Volkart ex Schinz & R. Keller,81
2011,Chinese tallow,Triadica sebifera (L.) Small,70
2011,climbing hempvine,Mikania scandens (L.) Willd.,90
2011,coast cockspur grass,Echinochloa walteri (Pursh) A. Heller,78
2011,common reed,Phragmites australis (Cav.) Trin. ex Steud.,74
2011,delta arrowhead,Sagittaria platyphylla (Engelm.) J.G. Sm.,100
2011,dodder,Cuscuta L.,60
2011,dotted smartweed,Polygonum punctatum Elliott,100
2011,dwarf saltwort,Salicornia bigelovii Torr.,85
2011,dwarf spikerush,"Eleocharis parvula (Roem. & Schult.) Link ex Bluff, Nees & Schauer",37
2011,eastern annual saltmarsh aster,Symphyotrichum subulatum (Michx.) G.L. Nesom,86
2011,eastern baccharis,Baccharis halimifolia L.,79
2011,fall panicgrass,Panicum dichotomiflorum Michx.,100
2011,false daisy,Eclipta prostrata (L.) L.,88
2011,fern flatsedge,Cyperus filicinus Vahl,90
2011,fiveangled dodder,Cuscuta pentagona Engelm.,60
2011,fragrant flatsedge,Cyperus odoratus L.,74
2011,giant bristlegrass,Setaria magna Griseb.,90
2011,green carpetweed,Mollugo verticillata L.,75
2011,Gulf Coast spikerush,Eleocharis cellulosa Torr.,84
2011,gulf coast swallow-wort,Cynanchum angustifolium Pers.,97
2011,hairypod cowpea,Vigna luteola (Jacq.) Benth.,84
2011,herb of grace,Bacopa monnieri (L.) Pennell,82
2011,Jesuit's bark,Iva frutescens L.,81
2011,knotgrass,Paspalum distichum L.,70
2011,loosestrife,Lythrum L.,60
2011,Malabar sprangletop,Leptochloa fusca (L.) Kunth,83
2011,marsh fimbry,Fimbristylis castanea (Michx.) Vahl,81
2011,needlegrass rush,Juncus roemerianus Scheele,76
2011,pale spikerush,Eleocharis macrostachya Britton,100
2011,perennial saltmarsh aster,Symphyotrichum tenuifolium (L.) G.L. Nesom,82
2011,pickleweed,Salicornia L.,2
2011,pink redstem,Ammannia latifolia L.,90
2011,poisonbean,Sesbania drummondii (Rydb.) Cory,75
2011,saltgrass,Distichlis spicata (L.) Greene,78
2011,saltmarsh morning-glory,Ipomoea sagittata Poir.,81
2011,saltmeadow cordgrass,Spartina patens (Aiton) Muhl.,78
2011,seashore paspalum,Paspalum vaginatum Sw.,77
2011,seaside goldenrod,Solidago sempervirens L.,83
2011,sedge,Carex L.,60
2011,shoreline seapurslane,Sesuvium portulacastrum (L.) L.,69
2011,silverhead,Blutaparon vermiculare (L.) Mears,28
2011,smooth cordgrass,Spartina alterniflora Loisel.,72
2011,softstem bulrush,Schoenoplectus tabernaemontani (C.C. Gmel.) Palla,95
2011,southern amaranth,Amaranthus australis (A. Gray) Sauer,84
2011,southern annual saltmarsh aster,Symphyotrichum divaricatum (Nutt.) G.L. Nesom,80
2011,southern cattail,Typha domingensis Pers.,84
2011,sturdy bulrush,Bolboschoenus robustus (Pursh) Sojÿk,78
2011,swamp sawgrass,Cladium mariscus (L.) Pohl,100
2011,sweetscent,Pluchea odorata (L.) Cass.,82
2011,turtleweed,Batis maritima L.,67
2011,Unknown #1,Unknown #1,100
2011,Unknown #3,Unknown #3,60
2011,Virginia glasswort,Salicornia depressa Standl.,69
2011,Virginia saltmarsh mallow,Kosteletzkya virginica (L.) C. Presl ex A. Gray,80
2011,wand lythrum,Lythrum lineare L.,82
2011,white spikerush,Eleocharis albida Torr.,70
2011,yellow thistle,Cirsium horridulum Michx.,70
2011,NA,NA,0
2012,alligatorweed,Alternanthera philoxeroides (Mart.) Griseb.,80
2012,annual seepweed,Suaeda linearis (Elliott) Moq.,60
2012,aster,Symphyotrichum Nees,72
2012,Baldwin's spikerush,Eleocharis baldwinii (Torr.) Chapm.,90
2012,barnyardgrass,Echinochloa crus-galli (L.) P. Beauv.,92
2012,big cordgrass,Spartina cynosuroides (L.) Roth,72
2012,bigpod sesbania,Sesbania herbacea (Mill.) McVaugh,85
2012,bigseed alfalfa dodder,Cuscuta indecora Choisy,42
2012,black mangrove,Avicennia germinans (L.) L.,62
2012,broadleaf arrowhead,Sagittaria latifolia Willd.,90
2012,broadleaf cattail,Typha latifolia L.,84
2012,bulltongue arrowhead,Sagittaria lancifolia L.,80
2012,bulrush,Schoenoplectus (Rchb.) Palla,91
2012,bushy seaside tansy,Borrichia frutescens (L.) DC.,76
2012,California bulrush,Schoenoplectus californicus (C.A. Mey.) Palla,80
2012,camphor pluchea,Pluchea camphorata (L.) DC.,75
2012,Carolina desert-thorn,Lycium carolinianum Walter,84
2012,cattail,Typha L.,70
2012,chairmaker's bulrush,Schoenoplectus americanus (Pers.) Volkart ex Schinz & R. Keller,78
2012,coast cockspur grass,Echinochloa walteri (Pursh) A. Heller,81
2012,coco yam,Colocasia esculenta (L.) Schott,72
2012,common reed,Phragmites australis (Cav.) Trin. ex Steud.,77
2012,common threesquare,Schoenoplectus pungens (Vahl) Palla,79
2012,copper iris,Iris fulva Ker Gawl.,80
2012,delta arrowhead,Sagittaria platyphylla (Engelm.) J.G. Sm.,62
2012,dodder,Cuscuta L.,42
2012,dogfennel,Eupatorium capillifolium (Lam.) Small,82
2012,dotted smartweed,Polygonum punctatum Elliott,87
2012,dwarf saltwort,Salicornia bigelovii Torr.,80
2012,dwarf spikerush,"Eleocharis parvula (Roem. & Schult.) Link ex Bluff, Nees & Schauer",35
2012,eastern annual saltmarsh aster,Symphyotrichum subulatum (Michx.) G.L. Nesom,92
2012,eastern baccharis,Baccharis halimifolia L.,89
2012,fall panicgrass,Panicum dichotomiflorum Michx.,75
2012,false daisy,Eclipta prostrata (L.) L.,84
2012,fern flatsedge,Cyperus filicinus Vahl,60
2012,flatsedge,Cyperus L.,90
2012,fragrant flatsedge,Cyperus odoratus L.,79
2012,Gulf Coast spikerush,Eleocharis cellulosa Torr.,88
2012,gulf coast swallow-wort,Cynanchum angustifolium Pers.,78
2012,gulf cordgrass,Spartina spartinae (Trin.) Merr. ex Hitchc.,90
2012,hairypod cowpea,Vigna luteola (Jacq.) Benth.,83
2012,hairyseed paspalum,Paspalum pubiflorum Rupr. ex Fourn.,90
2012,herb of grace,Bacopa monnieri (L.) Pennell,82
2012,Jesuit's bark,Iva frutescens L.,78
2012,lanceleaf fogfruit,Phyla lanceolata (Michx.) Greene,90
2012,large-flower primrose-willow,Ludwigia grandiflora (Michx.) Greuter & Burdet,90
2012,Malabar sprangletop,Leptochloa fusca (L.) Kunth,80
2012,manyflower marshpennywort,Hydrocotyle umbellata L.,90
2012,marsh fimbry,Fimbristylis castanea (Michx.) Vahl,70
2012,needlegrass rush,Juncus roemerianus Scheele,73
2012,pale spikerush,Eleocharis macrostachya Britton,90
2012,perennial saltmarsh aster,Symphyotrichum tenuifolium (L.) G.L. Nesom,75
2012,pickerelweed,Pontederia cordata L.,90
2012,pink redstem,Ammannia latifolia L.,100
2012,poisonbean,Sesbania drummondii (Rydb.) Cory,82
2012,rice cutgrass,Leersia oryzoides (L.) Sw.,88
2012,riverhemp,Sesbania Scop.,80
2012,salt heliotrope,Heliotropium curassavicum L.,45
2012,saltgrass,Distichlis spicata (L.) Greene,75
2012,saltmarsh morning-glory,Ipomoea sagittata Poir.,74
2012,saltmeadow cordgrass,Spartina patens (Aiton) Muhl.,75
2012,seashore paspalum,Paspalum vaginatum Sw.,84
2012,seaside goldenrod,Solidago sempervirens L.,85
2012,shoreline seapurslane,Sesuvium portulacastrum (L.) L.,83
2012,silverhead,Blutaparon vermiculare (L.) Mears,16
2012,smooth cordgrass,Spartina alterniflora Loisel.,68
2012,softstem bulrush,Schoenoplectus tabernaemontani (C.C. Gmel.) Palla,80
2012,southern amaranth,Amaranthus australis (A. Gray) Sauer,78
2012,southern cattail,Typha domingensis Pers.,83
2012,southern cutgrass,Leersia hexandra Sw.,88
2012,spotted water hemlock,Cicuta maculata L.,88
2012,sturdy bulrush,Bolboschoenus robustus (Pursh) Sojÿk,77
2012,swamp sawgrass,Cladium mariscus (L.) Pohl,92
2012,swamp smartweed,Polygonum hydropiperoides Michx.,70
2012,sweetscent,Pluchea odorata (L.) Cass.,99
2012,torpedo grass,Panicum repens L.,78
2012,turkey tangle fogfruit,Phyla nodiflora (L.) Greene,90
2012,turtleweed,Batis maritima L.,62
2012,Unknown #2,Unknown #2,95
2012,Virginia glasswort,Salicornia depressa Standl.,73
2012,Virginia saltmarsh mallow,Kosteletzkya virginica (L.) C. Presl ex A. Gray,81
2012,wand lythrum,Lythrum lineare L.,79
2012,NA,NA,0
2013,alligatorweed,Alternanthera philoxeroides (Mart.) Griseb.,87
2013,amberique-bean,Strophostyles helvola (L.) Elliott,42
2013,annual seepweed,Suaeda linearis (Elliott) Moq.,8
2013,aster,Symphyotrichum Nees,80
2013,barnyardgrass,Echinochloa crus-galli (L.) P. Beauv.,80
2013,bayhops,Ipomoea pes-caprae (L.) R. Br.,40
2013,big cordgrass,Spartina cynosuroides (L.) Roth,72
2013,bigpod sesbania,Sesbania herbacea (Mill.) McVaugh,5
2013,bigseed alfalfa dodder,Cuscuta indecora Choisy,88
2013,bitter panicgrass,Panicum amarum Elliott,32
2013,black mangrove,Avicennia germinans (L.) L.,69
2013,bluestem,Andropogon L.,32
2013,bright green spikerush,Eleocharis olivacea Torr.,50
2013,broadleaf arrowhead,Sagittaria latifolia Willd.,85
2013,broadleaf cattail,Typha latifolia L.,85
2013,bulltongue arrowhead,Sagittaria lancifolia L.,78
2013,bushy bluestem,"Andropogon glomeratus (Walter) Britton, Sterns & Poggenb.",40
2013,bushy seaside tansy,Borrichia frutescens (L.) DC.,71
2013,butterweed,Packera glabella (Poir.) C. Jeffrey,25
2013,California bulrush,Schoenoplectus californicus (C.A. Mey.) Palla,85
2013,camphor daisy,Rayjacksonia phyllocephala (DC.) R.L. Hartm. & M.A. Lane,20
2013,camphor pluchea,Pluchea camphorata (L.) DC.,80
2013,Canadian horseweed,Conyza canadensis (L.) Cronquist,60
2013,Carolina desert-thorn,Lycium carolinianum Walter,95
2013,catchfly prairie gentian,Eustoma exaltatum (L.) Salisb. ex G. Don,71
2013,chairmaker's bulrush,Schoenoplectus americanus (Pers.) Volkart ex Schinz & R. Keller,76
2013,coast cockspur grass,Echinochloa walteri (Pursh) A. Heller,91
2013,coco yam,Colocasia esculenta (L.) Schott,88
2013,common reed,Phragmites australis (Cav.) Trin. ex Steud.,66
2013,common threesquare,Schoenoplectus pungens (Vahl) Palla,90
2013,crowngrass,Paspalum L.,55
2013,delta arrowhead,Sagittaria platyphylla (Engelm.) J.G. Sm.,88
2013,dixie sandmat,Chamaesyce bombensis (Jacq.) Dugand,40
2013,dodder,Cuscuta L.,10
2013,dotted smartweed,Polygonum punctatum Elliott,80
2013,dwarf saltwort,Salicornia bigelovii Torr.,45
2013,dwarf spikerush,"Eleocharis parvula (Roem. & Schult.) Link ex Bluff, Nees & Schauer",95
2013,eastern annual saltmarsh aster,Symphyotrichum subulatum (Michx.) G.L. Nesom,88
2013,eastern baccharis,Baccharis halimifolia L.,69
2013,fern flatsedge,Cyperus filicinus Vahl,82
2013,fimbry,Fimbristylis Vahl,37
2013,flatsedge,Cyperus L.,80
2013,fragrant flatsedge,Cyperus odoratus L.,85
2013,giant bristlegrass,Setaria magna Griseb.,95
2013,gulf bluestem,Schizachyrium maritimum (Chapm.) Nash,18
2013,Gulf Coast spikerush,Eleocharis cellulosa Torr.,75
2013,gulf coast swallow-wort,Cynanchum angustifolium Pers.,85
2013,gulf cordgrass,Spartina spartinae (Trin.) Merr. ex Hitchc.,52
2013,gulf croton,Croton punctatus Jacq.,19
2013,hairypod cowpea,Vigna luteola (Jacq.) Benth.,71
2013,herb of grace,Bacopa monnieri (L.) Pennell,39
2013,Jesuit's bark,Iva frutescens L.,77
2013,largeleaf pennywort,Hydrocotyle bonariensis Comm. ex Lam.,15
2013,lavender thrift,Limonium carolinianum (Walter) Britton,100
2013,longtom,Paspalum denticulatum Trin.,90
2013,Malabar sprangletop,Leptochloa fusca (L.) Kunth,16
2013,marsh fimbry,Fimbristylis castanea (Michx.) Vahl,44
2013,narrowleaf rose gentian,Sabatia brachiata Elliott,45
2013,needlegrass rush,Juncus roemerianus Scheele,76
2013,perennial saltmarsh aster,Symphyotrichum tenuifolium (L.) G.L. Nesom,73
2013,poisonbean,Sesbania drummondii (Rydb.) Cory,71
2013,rice cutgrass,Leersia oryzoides (L.) Sw.,90
2013,rose of Plymouth,Sabatia stellaris Pursh,95
2013,rough barnyardgrass,Echinochloa muricata (P. Beauv.) Fernald,70
2013,salt heliotrope,Heliotropium curassavicum L.,12
2013,saltgrass,Distichlis spicata (L.) Greene,73
2013,saltmarsh morning-glory,Ipomoea sagittata Poir.,77
2013,saltmeadow cordgrass,Spartina patens (Aiton) Muhl.,74
2013,seashore dropseed,Sporobolus virginicus (L.) Kunth,28
2013,seashore paspalum,Paspalum vaginatum Sw.,79
2013,seaside goldenrod,Solidago sempervirens L.,62
2013,sharpscale flatsedge,Cyperus oxylepis Nees ex Steud.,18
2013,shoreline seapurslane,Sesuvium portulacastrum (L.) L.,45
2013,silverhead,Blutaparon vermiculare (L.) Mears,20
2013,smooth cordgrass,Spartina alterniflora Loisel.,72
2013,softstem bulrush,Schoenoplectus tabernaemontani (C.C. Gmel.) Palla,88
2013,southern amaranth,Amaranthus australis (A. Gray) Sauer,78
2013,southern annual saltmarsh aster,Symphyotrichum divaricatum (Nutt.) G.L. Nesom,65
2013,southern cattail,Typha domingensis Pers.,85
2013,southern cutgrass,Leersia hexandra Sw.,85
2013,sturdy bulrush,Bolboschoenus robustus (Pursh) Sojÿk,72
2013,sweetscent,Pluchea odorata (L.) Cass.,58
2013,torpedo grass,Panicum repens L.,53
2013,turkey tangle fogfruit,Phyla nodiflora (L.) Greene,95
2013,turtleweed,Batis maritima L.,62
2013,Unknown #1,Unknown #1,60
2013,Virginia glasswort,Salicornia depressa Standl.,81
2013,Virginia saltmarsh mallow,Kosteletzkya virginica (L.) C. Presl ex A. Gray,40
2013,wand lythrum,Lythrum lineare L.,78
2013,yellow nutsedge,Cyperus esculentus L.,35
2013,NA,NA,0
2014,alligatorweed,Alternanthera philoxeroides (Mart.) Griseb.,100
2014,aster,Symphyotrichum Nees,83
2014,Baldwin's spikerush,Eleocharis baldwinii (Torr.) Chapm.,70
2014,barnyardgrass,Echinochloa crus-galli (L.) P. Beauv.,92
2014,big cordgrass,Spartina cynosuroides (L.) Roth,66
2014,bigseed alfalfa dodder,Cuscuta indecora Choisy,65
2014,black mangrove,Avicennia germinans (L.) L.,67
2014,broadleaf cattail,Typha latifolia L.,95
2014,bulltongue arrowhead,Sagittaria lancifolia L.,92
2014,bushy seaside tansy,Borrichia frutescens (L.) DC.,70
2014,Carolina desert-thorn,Lycium carolinianum Walter,88
2014,chairmaker's bulrush,Schoenoplectus americanus (Pers.) Volkart ex Schinz & R. Keller,72
2014,common reed,Phragmites australis (Cav.) Trin. ex Steud.,57
2014,common threesquare,Schoenoplectus pungens (Vahl) Palla,100
2014,dotted smartweed,Polygonum punctatum Elliott,15
2014,dwarf saltwort,Salicornia bigelovii Torr.,35
2014,dwarf spikerush,"Eleocharis parvula (Roem. & Schult.) Link ex Bluff, Nees & Schauer",55
2014,eastern annual saltmarsh aster,Symphyotrichum subulatum (Michx.) G.L. Nesom,85
2014,eastern baccharis,Baccharis halimifolia L.,65
2014,fragrant flatsedge,Cyperus odoratus L.,74
2014,Gulf Coast spikerush,Eleocharis cellulosa Torr.,95
2014,gulf coast swallow-wort,Cynanchum angustifolium Pers.,84
2014,hairypod cowpea,Vigna luteola (Jacq.) Benth.,75
2014,haspan flatsedge,Cyperus haspan L.,95
2014,herb of grace,Bacopa monnieri (L.) Pennell,80
2014,Jesuit's bark,Iva frutescens L.,72
2014,lanceleaf fogfruit,Phyla lanceolata (Michx.) Greene,65
2014,needlegrass rush,Juncus roemerianus Scheele,75
2014,perennial saltmarsh aster,Symphyotrichum tenuifolium (L.) G.L. Nesom,75
2014,poisonbean,Sesbania drummondii (Rydb.) Cory,30
2014,rice cutgrass,Leersia oryzoides (L.) Sw.,100
2014,rope dodder,Cuscuta glomerata Choisy,34
2014,saltgrass,Distichlis spicata (L.) Greene,72
2014,saltmarsh morning-glory,Ipomoea sagittata Poir.,70
2014,saltmeadow cordgrass,Spartina patens (Aiton) Muhl.,74
2014,sand spikerush,Eleocharis montevidensis Kunth,80
2014,seashore paspalum,Paspalum vaginatum Sw.,55
2014,seaside goldenrod,Solidago sempervirens L.,90
2014,silverhead,Blutaparon vermiculare (L.) Mears,42
2014,smooth cordgrass,Spartina alterniflora Loisel.,71
2014,softstem bulrush,Schoenoplectus tabernaemontani (C.C. Gmel.) Palla,35
2014,southern amaranth,Amaranthus australis (A. Gray) Sauer,77
2014,southern cattail,Typha domingensis Pers.,98
2014,sturdy bulrush,Bolboschoenus robustus (Pursh) Sojÿk,75
2014,sweetscent,Pluchea odorata (L.) Cass.,69
2014,torpedo grass,Panicum repens L.,98
2014,turtleweed,Batis maritima L.,55
2014,Virginia glasswort,Salicornia depressa Standl.,84
2014,wand lythrum,Lythrum lineare L.,73
2014,NA,NA,0
2015,aster,Symphyotrichum Nees,84
2015,barnyardgrass,Echinochloa crus-galli (L.) P. Beauv.,80
2015,Bermudagrass,Cynodon dactylon (L.) Pers.,85
2015,big cordgrass,Spartina cynosuroides (L.) Roth,64
2015,bigseed alfalfa dodder,Cuscuta indecora Choisy,33
2015,black mangrove,Avicennia germinans (L.) L.,62
2015,broadleaf cattail,Typha latifolia L.,78
2015,bulltongue arrowhead,Sagittaria lancifolia L.,100
2015,bushy seaside tansy,Borrichia frutescens (L.) DC.,66
2015,California bulrush,Schoenoplectus californicus (C.A. Mey.) Palla,88
2015,Carolina desert-thorn,Lycium carolinianum Walter,91
2015,catchfly prairie gentian,Eustoma exaltatum (L.) Salisb. ex G. Don,98
2015,chairmaker's bulrush,Schoenoplectus americanus (Pers.) Volkart ex Schinz & R. Keller,68
2015,climbing hempvine,Mikania scandens (L.) Willd.,85
2015,coast cockspur grass,Echinochloa walteri (Pursh) A. Heller,81
2015,common buttonbush,Cephalanthus occidentalis L.,85
2015,common reed,Phragmites australis (Cav.) Trin. ex Steud.,60
2015,dotted smartweed,Polygonum punctatum Elliott,62
2015,dwarf saltwort,Salicornia bigelovii Torr.,85
2015,dwarf spikerush,"Eleocharis parvula (Roem. & Schult.) Link ex Bluff, Nees & Schauer",37
2015,eastern annual saltmarsh aster,Symphyotrichum subulatum (Michx.) G.L. Nesom,78
2015,eastern baccharis,Baccharis halimifolia L.,68
2015,fall panicgrass,Panicum dichotomiflorum Michx.,85
2015,fern flatsedge,Cyperus filicinus Vahl,50
2015,fragrant flatsedge,Cyperus odoratus L.,75
2015,giant bristlegrass,Setaria magna Griseb.,80
2015,gulf coast swallow-wort,Cynanchum angustifolium Pers.,90
2015,gulf cordgrass,Spartina spartinae (Trin.) Merr. ex Hitchc.,98
2015,hairypod cowpea,Vigna luteola (Jacq.) Benth.,79
2015,haspan flatsedge,Cyperus haspan L.,85
2015,herb of grace,Bacopa monnieri (L.) Pennell,60
2015,Jesuit's bark,Iva frutescens L.,64
2015,lanceleaf fogfruit,Phyla lanceolata (Michx.) Greene,75
2015,needlegrass rush,Juncus roemerianus Scheele,79
2015,perennial saltmarsh aster,Symphyotrichum tenuifolium (L.) G.L. Nesom,65
2015,poisonbean,Sesbania drummondii (Rydb.) Cory,70
2015,riverhemp,Sesbania Scop.,60
2015,rope dodder,Cuscuta glomerata Choisy,32
2015,saltgrass,Distichlis spicata (L.) Greene,72
2015,saltmarsh morning-glory,Ipomoea sagittata Poir.,75
2015,saltmeadow cordgrass,Spartina patens (Aiton) Muhl.,72
2015,seashore paspalum,Paspalum vaginatum Sw.,71
2015,seaside goldenrod,Solidago sempervirens L.,72
2015,silverhead,Blutaparon vermiculare (L.) Mears,33
2015,smooth cordgrass,Spartina alterniflora Loisel.,73
2015,softstem bulrush,Schoenoplectus tabernaemontani (C.C. Gmel.) Palla,57
2015,southern amaranth,Amaranthus australis (A. Gray) Sauer,77
2015,southern annual saltmarsh aster,Symphyotrichum divaricatum (Nutt.) G.L. Nesom,84
2015,southern cattail,Typha domingensis Pers.,85
2015,strawcolored flatsedge,Cyperus strigosus L.,95
2015,sturdy bulrush,Bolboschoenus robustus (Pursh) Sojÿk,73
2015,sweetscent,Pluchea odorata (L.) Cass.,69
2015,torpedo grass,Panicum repens L.,52
2015,turtleweed,Batis maritima L.,48
2015,valley redstem,Ammannia coccinea Rottb.,85
2015,Virginia glasswort,Salicornia depressa Standl.,75
2015,Virginia saltmarsh mallow,Kosteletzkya virginica (L.) C. Presl ex A. Gray,85
2015,wand lythrum,Lythrum lineare L.,71
2015,NA,NA,0
2016,alligatorweed,Alternanthera philoxeroides (Mart.) Griseb.,81
2016,amberique-bean,Strophostyles helvola (L.) Elliott,57
2016,American pokeweed,Phytolacca americana L.,95
2016,annual ragweed,Ambrosia artemisiifolia L.,80
2016,annual seepweed,Suaeda linearis (Elliott) Moq.,48
2016,aster,Symphyotrichum Nees,86
2016,asthmaweed,Conyza bonariensis (L.) Cronquist,95
2016,barnyardgrass,Echinochloa crus-galli (L.) P. Beauv.,100
2016,bayhops,Ipomoea pes-caprae (L.) R. Br.,32
2016,beach morning-glory,Ipomoea imperati (Vahl) Griseb.,22
2016,bearded flatsedge,Cyperus squarrosus L.,25
2016,Bermudagrass,Cynodon dactylon (L.) Pers.,1
2016,big cordgrass,Spartina cynosuroides (L.) Roth,81
2016,bigpod sesbania,Sesbania herbacea (Mill.) McVaugh,19
2016,bigseed alfalfa dodder,Cuscuta indecora Choisy,90
2016,bitter panicgrass,Panicum amarum Elliott,31
2016,black mangrove,Avicennia germinans (L.) L.,67
2016,broadleaf cattail,Typha latifolia L.,85
2016,bulrush,Bolboschoenus (Asch.) Palla,80
2016,bushy bluestem,"Andropogon glomeratus (Walter) Britton, Sterns & Poggenb.",60
2016,bushy seaside tansy,Borrichia frutescens (L.) DC.,79
2016,camphor daisy,Rayjacksonia phyllocephala (DC.) R.L. Hartm. & M.A. Lane,32
2016,camphor pluchea,Pluchea camphorata (L.) DC.,100
2016,camphorweed,Heterotheca subaxillaris (Lam.) Britton & Rusby,72
2016,Canadian horseweed,Conyza canadensis (L.) Cronquist,68
2016,Carolina desert-thorn,Lycium carolinianum Walter,93
2016,catchfly prairie gentian,Eustoma exaltatum (L.) Salisb. ex G. Don,49
2016,cattail,Typha L.,98
2016,chairmaker's bulrush,Schoenoplectus americanus (Pers.) Volkart ex Schinz & R. Keller,67
2016,coast cockspur grass,Echinochloa walteri (Pursh) A. Heller,62
2016,coco yam,Colocasia esculenta (L.) Schott,50
2016,common reed,Phragmites australis (Cav.) Trin. ex Steud.,72
2016,cordgrass,Spartina Schreb.,20
2016,Corpus Christi fleabane,Erigeron procumbens (Houst. ex Mill.) G.L. Nesom,71
2016,crowngrass,Paspalum L.,20
2016,dixie sandmat,Chamaesyce bombensis (Jacq.) Dugand,23
2016,dwarf saltwort,Salicornia bigelovii Torr.,51
2016,dwarf spikerush,"Eleocharis parvula (Roem. & Schult.) Link ex Bluff, Nees & Schauer",32
2016,eastern annual saltmarsh aster,Symphyotrichum subulatum (Michx.) G.L. Nesom,82
2016,eastern baccharis,Baccharis halimifolia L.,73
2016,fall panicgrass,Panicum dichotomiflorum Michx.,65
2016,false daisy,Eclipta prostrata (L.) L.,62
2016,fimbry,Fimbristylis Vahl,0
2016,floating marshpennywort,Hydrocotyle ranunculoides L. f.,85
2016,fragrant flatsedge,Cyperus odoratus L.,67
2016,giant bristlegrass,Setaria magna Griseb.,100
2016,Gregg's amaranth,Amaranthus greggii S. Watson,18
2016,gulf bluestem,Schizachyrium maritimum (Chapm.) Nash,50
2016,Gulf Coast spikerush,Eleocharis cellulosa Torr.,83
2016,gulf coast swallow-wort,Cynanchum angustifolium Pers.,82
2016,gulf cordgrass,Spartina spartinae (Trin.) Merr. ex Hitchc.,48
2016,gulf croton,Croton punctatus Jacq.,38
2016,gulf searocket,Cakile geniculata (B.L. Rob.) Millsp.,72
2016,hairy crabgrass,Digitaria sanguinalis (L.) Scop.,25
2016,hairypod cowpea,Vigna luteola (Jacq.) Benth.,65
2016,Illinois bundleflower,Desmanthus illinoensis (Michx.) MacMill. ex B.L. Rob. & Fernald,55
2016,Jesuit's bark,Iva frutescens L.,71
2016,jointed flatsedge,Cyperus articulatus L.,85
2016,largeleaf pennywort,Hydrocotyle bonariensis Comm. ex Lam.,95
2016,lavender thrift,Limonium carolinianum (Walter) Britton,68
2016,Malabar sprangletop,Leptochloa fusca (L.) Kunth,34
2016,marsh fimbry,Fimbristylis castanea (Michx.) Vahl,51
2016,needlegrass rush,Juncus roemerianus Scheele,78
2016,perennial saltmarsh aster,Symphyotrichum tenuifolium (L.) G.L. Nesom,76
2016,pinewoods fingergrass,Eustachys petraea (Sw.) Desv.,40
2016,poisonbean,Sesbania drummondii (Rydb.) Cory,54
2016,purple lovegrass,Eragrostis spectabilis (Pursh) Steud.,90
2016,redstem,Ammannia L.,5
2016,ricefield flatsedge,Cyperus iria L.,15
2016,rose of Plymouth,Sabatia stellaris Pursh,71
2016,rough cocklebur,Xanthium strumarium L.,25
2016,salt heliotrope,Heliotropium curassavicum L.,60
2016,saltgrass,Distichlis spicata (L.) Greene,71
2016,saltmarsh false foxglove,Agalinis maritima (Raf.) Raf.,64
2016,saltmarsh morning-glory,Ipomoea sagittata Poir.,79
2016,saltmeadow cordgrass,Spartina patens (Aiton) Muhl.,71
2016,seaoats,Uniola paniculata L.,14
2016,seashore paspalum,Paspalum vaginatum Sw.,68
2016,seaside goldenrod,Solidago sempervirens L.,62
2016,sedge,Carex L.,45
2016,sharpscale flatsedge,Cyperus oxylepis Nees ex Steud.,36
2016,shoreline seapurslane,Sesuvium portulacastrum (L.) L.,30
2016,silverhead,Blutaparon vermiculare (L.) Mears,52
2016,sixweeks fescue,Vulpia octoflora (Walter) Rydb.,44
2016,slickseed fuzzybean,Strophostyles leiosperma (Torr. & A. Gray) Piper,80
2016,smooth cordgrass,Spartina alterniflora Loisel.,72
2016,southern amaranth,Amaranthus australis (A. Gray) Sauer,79
2016,southern annual saltmarsh aster,Symphyotrichum divaricatum (Nutt.) G.L. Nesom,68
2016,spiny sowthistle,Sonchus asper (L.) Hill,85
2016,splitbeard bluestem,Andropogon ternarius Michx.,60
2016,starrush whitetop,Rhynchospora colorata (L.) H. Pfeiffer,88
2016,sturdy bulrush,Bolboschoenus robustus (Pursh) Sojÿk,80
2016,sweetscent,Pluchea odorata (L.) Cass.,57
2016,switchgrass,Panicum virgatum L.,20
2016,torpedo grass,Panicum repens L.,60
2016,tropical flatsedge,Cyperus surinamensis Rottb.,80
2016,turkey tangle fogfruit,Phyla nodiflora (L.) Greene,95
2016,turtleweed,Batis maritima L.,64
2016,valley redstem,Ammannia coccinea Rottb.,62
2016,Virginia glasswort,Salicornia depressa Standl.,77
2016,Virginia saltmarsh mallow,Kosteletzkya virginica (L.) C. Presl ex A. Gray,90
2016,wand lythrum,Lythrum lineare L.,81
2016,wax myrtle,Morella cerifera (L.) Small,88
2016,NA,NA,0
2017,alligatorweed,Alternanthera philoxeroides (Mart.) Griseb.,90
2017,aster,Symphyotrichum Nees,77
2017,barnyardgrass,Echinochloa crus-galli (L.) P. Beauv.,68
2017,big cordgrass,Spartina cynosuroides (L.) Roth,80
2017,bigseed alfalfa dodder,Cuscuta indecora Choisy,80
2017,black mangrove,Avicennia germinans (L.) L.,66
2017,broadleaf cattail,Typha latifolia L.,78
2017,bulltongue arrowhead,Sagittaria lancifolia L.,87
2017,bushy bluestem,"Andropogon glomeratus (Walter) Britton, Sterns & Poggenb.",95
2017,bushy seaside tansy,Borrichia frutescens (L.) DC.,69
2017,Carolina desert-thorn,Lycium carolinianum Walter,75
2017,chairmaker's bulrush,Schoenoplectus americanus (Pers.) Volkart ex Schinz & R. Keller,56
2017,coco yam,Colocasia esculenta (L.) Schott,90
2017,common reed,Phragmites australis (Cav.) Trin. ex Steud.,64
2017,delta arrowhead,Sagittaria platyphylla (Engelm.) J.G. Sm.,90
2017,dodder,Cuscuta L.,15
2017,dotted smartweed,Polygonum punctatum Elliott,78
2017,dwarf saltwort,Salicornia bigelovii Torr.,20
2017,dwarf spikerush,"Eleocharis parvula (Roem. & Schult.) Link ex Bluff, Nees & Schauer",60
2017,eastern annual saltmarsh aster,Symphyotrichum subulatum (Michx.) G.L. Nesom,65
2017,eastern baccharis,Baccharis halimifolia L.,71
2017,fragrant flatsedge,Cyperus odoratus L.,78
2017,Gulf Coast spikerush,Eleocharis cellulosa Torr.,88
2017,gulf coast swallow-wort,Cynanchum angustifolium Pers.,79
2017,hairypod cowpea,Vigna luteola (Jacq.) Benth.,77
2017,herb of grace,Bacopa monnieri (L.) Pennell,19
2017,Jesuit's bark,Iva frutescens L.,64
2017,lanceleaf fogfruit,Phyla lanceolata (Michx.) Greene,90
2017,Malabar sprangletop,Leptochloa fusca (L.) Kunth,5
2017,marsh fimbry,Fimbristylis castanea (Michx.) Vahl,85
2017,needlegrass rush,Juncus roemerianus Scheele,73
2017,pale spikerush,Eleocharis macrostachya Britton,90
2017,perennial saltmarsh aster,Symphyotrichum tenuifolium (L.) G.L. Nesom,74
2017,rice cutgrass,Leersia oryzoides (L.) Sw.,90
2017,saltgrass,Distichlis spicata (L.) Greene,72
2017,saltmarsh morning-glory,Ipomoea sagittata Poir.,73
2017,saltmeadow cordgrass,Spartina patens (Aiton) Muhl.,72
2017,seashore paspalum,Paspalum vaginatum Sw.,56
2017,seaside goldenrod,Solidago sempervirens L.,88
2017,silverhead,Blutaparon vermiculare (L.) Mears,56
2017,smooth cordgrass,Spartina alterniflora Loisel.,70
2017,softstem bulrush,Schoenoplectus tabernaemontani (C.C. Gmel.) Palla,90
2017,southern amaranth,Amaranthus australis (A. Gray) Sauer,75
2017,southern annual saltmarsh aster,Symphyotrichum divaricatum (Nutt.) G.L. Nesom,86
2017,southern cattail,Typha domingensis Pers.,95
2017,spikerush,Eleocharis R. Br.,2
2017,sturdy bulrush,Bolboschoenus robustus (Pursh) Sojÿk,73
2017,sweetscent,Pluchea odorata (L.) Cass.,62
2017,torpedo grass,Panicum repens L.,58
2017,turtleweed,Batis maritima L.,41
2017,valley redstem,Ammannia coccinea Rottb.,84
2017,Virginia glasswort,Salicornia depressa Standl.,77
2017,Virginia saltmarsh mallow,Kosteletzkya virginica (L.) C. Presl ex A. Gray,88
2017,wand lythrum,Lythrum lineare L.,73
2017,waterhyssop,Bacopa Aubl.,2
2017,NA,NA,0
